{
  "project_info": {
    "project_number": "103727113442",
    "project_id": "abcappbd",
    "storage_bucket": "abcappbd.appspot.com"
  },
  "client": [
    {
      "client_info": {
        "mobilesdk_app_id": "1:103727113442:android:6e2787d55ba7fd0418aabb",
        "android_client_info": {
          "package_name": "com.abc.abcofficialapp"
        }
      },
      "oauth_client": [
        {
          "client_id": "103727113442-j8bmvurj1os954srfikjva7u176i6rem.apps.googleusercontent.com",
          "client_type": 3
        }
      ],
      "api_key": [
        {
          "current_key": "AIzaSyD9pRkLrTn7MtC0Rsa5b8ru9-FOBwRbV4Y"
        }
      ],
      "services": {
        "appinvite_service": {
          "other_platform_oauth_client": [
            {
              "client_id": "103727113442-j8bmvurj1os954srfikjva7u176i6rem.apps.googleusercontent.com",
              "client_type": 3
            }
          ]
        }
      }
    },
    {
      "client_info": {
        "mobilesdk_app_id": "1:103727113442:android:ce925f5e14ce8d9f18aabb",
        "android_client_info": {
          "package_name": "com.example.abcapp"
        }
      },
      "oauth_client": [
        {
          "client_id": "103727113442-j8bmvurj1os954srfikjva7u176i6rem.apps.googleusercontent.com",
          "client_type": 3
        }
      ],
      "api_key": [
        {
          "current_key": "AIzaSyD9pRkLrTn7MtC0Rsa5b8ru9-FOBwRbV4Y"
        }
      ],
      "services": {
        "appinvite_service": {
          "other_platform_oauth_client": [
            {
              "client_id": "103727113442-j8bmvurj1os954srfikjva7u176i6rem.apps.googleusercontent.com",
              "client_type": 3
            }
          ]
        }
      }
    }
  ],
  "configuration_version": "1"
}